QID,Creator,Creation Date,Page ID
Q105273254,Rhaegar I,2021-02-02T05:16:46Z,66583729
Q105273267,,,
Q105274263,Tassedethe,2021-05-29T23:17:12Z,67798373
Q105274491,YoungstownToast,2021-01-19T20:25:32Z,66436194
Q105276989,Gunwriter,2021-02-03T18:16:34Z,66604039
Q105277058,Kaiser matias,2021-02-06T23:32:12Z,66648869
Q105285572,Number 57,2021-02-03T23:40:24Z,66607247
Q105288729,KidAd,2021-02-12T05:57:08Z,66725973
Q105290390,,,
Q105290445,Das osmnezz,2021-02-04T02:17:28Z,66609069
Q105294948,,,
Q105295396,Lilianasri,2021-02-04T08:30:12Z,66612185
Q105295908,Haunted Spy,2021-02-04T09:48:48Z,66612583
Q105296828,Bishopka,2020-06-04T20:52:31Z,64175412
Q105298447,Khonda8,2021-02-04T14:21:56Z,66614426
Q105298512,Graphingcalc,2021-02-04T03:32:18Z,66610257
Q105298610,AcMY01,2021-02-04T01:29:08Z,66608157
Q105298656,Thriley,2021-02-03T17:16:50Z,66603507
Q105300022,Leila1717,2021-02-11T11:20:31Z,66711673
Q105305756,QPADGETT,2021-02-04T21:23:23Z,66618331
Q105306803,KidAd,2021-02-04T22:24:58Z,66618812
Q105311894,Lilianasri,2021-02-05T02:20:25Z,66621064
Q105315161,Joofjoof,2021-02-05T05:07:36Z,66626030
Q105315558,FeverishAxe0,2021-02-05T06:49:13Z,66626840
Q105317250,Geschichte,2021-02-05T09:29:38Z,66628683
Q105317721,Antiqueight,2021-02-05T10:22:09Z,66628951
Q105317894,Vinegarymass911,2021-02-05T11:28:26Z,66629316
Q105318147,Hiddenstranger,2020-07-30T23:17:24Z,64688825
Q105318158,L.Waals-Prinzen,2020-10-03T14:46:50Z,65486013
Q105319524,Bashereyre,2021-02-05T12:14:58Z,66629540
Q105319532,KingEdinburgh,2021-02-05T14:10:18Z,66630225
Q105319547,Djln,2021-02-05T14:44:32Z,66630417
Q105319578,Adam Scolin,2021-02-04T16:52:00Z,66615837
Q105319611,Princess of Ara,2021-02-04T16:09:33Z,66615461
Q105319654,Rhaegar I,2021-02-04T15:11:21Z,66614965
Q105319906,TheChunky,2020-12-16T05:50:54Z,66117223
Q105319923,Mgujungu,2020-12-28T22:28:05Z,66224743
Q105319988,Ishi6181,2021-01-20T06:35:45Z,66440533
Q105320717,Javert2113,2021-01-21T22:32:56Z,66459039
Q105321849,Penale52,2021-02-05T17:05:48Z,66631717
Q105322554,Ampimd,2021-02-05T18:28:04Z,66632443
Q105324372,Joojay,2021-02-05T18:29:42Z,66632460
Q105325433,Kline,2021-02-05T21:34:55Z,66634165
Q105325502,Number 57,2021-02-05T21:24:44Z,66634050
Q105325510,Number 57,2021-02-05T21:19:17Z,66634008
Q105325516,Number 57,2021-02-05T21:10:18Z,66633928
Q105326768,Number 57,2021-02-05T22:10:32Z,66634529
Q105328026,SilvioPozatto,2021-02-05T22:20:56Z,66634608
Q105333684,AlexDetroit,2021-02-06T07:06:26Z,66640972
Q105333898,Dr. Vicodine,2021-01-22T16:35:36Z,66466657
Q105333973,Buidhe,2021-01-22T23:12:37Z,66470405
Q105336682,,,
Q105336852,Werldwayd,2019-02-21T16:17:30Z,60037272
Q105336860,Pospeak,2021-02-06T12:13:25Z,66643474
Q105336870,BrazilianDude70,2021-02-05T22:37:46Z,66634721
Q105336879,WalterII,2021-02-06T09:09:10Z,66642386
Q105336881,Koeen,2021-02-06T01:28:53Z,66635835
Q105336891,WWGB,2021-02-06T01:37:34Z,66636135
Q105336900,Simon Edwards Esq,2021-02-05T19:14:36Z,66632861
Q105337033,Ariel Cetrone (WMDC),2019-03-10T17:35:05Z,60191325
Q105337171,Thriley,2021-02-06T15:38:26Z,66644758
Q105337180,Penale52,2021-02-06T15:19:15Z,66644603
Q105337699,S.A. Julio,2021-02-06T17:35:46Z,66645656
Q105339298,Kusma,2021-12-12T22:12:43Z,69497448
Q105342983,Huligan0,2021-02-06T21:16:10Z,66647701
Q105356694,Star Mississippi,2022-01-25T21:06:10Z,69881768
Q105357795,Januszjan88,2021-03-09T12:21:57Z,67048458
Q105357967,Jmanlucas,2021-02-14T17:06:45Z,66756247
Q105358637,Huligan0,2021-02-07T12:07:53Z,66656181
Q105358971,Super Dromaeosaurus,2021-02-07T13:46:11Z,66656977
Q105359005,Kalimoun,2021-02-07T13:08:34Z,66656765
Q105359172,FloridaArmy,2021-02-05T16:54:35Z,66631644
Q105359181,Doggo375,2021-02-07T01:30:55Z,66649699
Q105359194,Ktin,2021-02-05T05:44:14Z,66626302
Q105359227,Nikmarko87,2021-02-07T11:43:33Z,66656031
Q105359252,Chodgson2898,2021-02-06T21:39:10Z,66647873
Q105359268,Bearcat,2021-02-07T00:47:23Z,66649434
Q105359429,CemronyD,2017-11-07T15:20:24Z,55736505
Q105359473,MorenoJV,2020-08-30T03:49:57Z,65157318
Q105359663,Neegzistuoja,2021-01-22T12:28:43Z,66464751
Q105359677,Glaaaastonbury88,2021-01-22T21:28:30Z,66469342
Q105359694,Fameinternet,2021-01-23T05:19:57Z,66472882
Q105360181,Simeon,2021-02-07T15:36:29Z,66657765
Q105361091,Ni1ni1,2021-02-07T15:14:06Z,66657633
Q105363567,,,
Q105367886,HickoryOughtShirt?4,2021-02-07T18:49:45Z,66660055
Q105369598,ArsenalFan700,2021-02-07T19:22:16Z,66660534
Q105374136,Jmanlucas,2021-02-08T21:01:38Z,66677380
Q105387476,Dsp13,2021-02-07T22:28:43Z,66663302
Q105387501,Ally at Wenard,2021-02-06T00:31:55Z,66635488
Q105388117,Ni1ni1,2021-02-08T09:40:14Z,66669770
Q105390162,Haunted Spy,2021-02-08T11:46:31Z,66670582
Q105390163,Quant18,2012-04-22T15:20:35Z,35583838
Q105390214,FloridaArmy,2020-10-11T23:58:26Z,65558237
Q105393210,Evan6065,2021-02-08T12:39:56Z,66670946
Q105393216,KingEdinburgh,2021-02-08T12:18:23Z,66670791
Q105393437,Ni1ni1,2021-02-07T22:31:50Z,66663329
Q105393464,KidAd,2021-02-08T01:11:04Z,66664438
Q105393485,Kante4,2021-02-07T16:54:05Z,66658458
Q105393489,Bstepno,2021-02-07T21:39:41Z,66662790
Q105393492,Sportzeditz,2021-02-07T22:11:40Z,66663140
Q105393583,FloridaArmy,2021-02-01T19:33:49Z,66578528
Q105393661,ShubhoRoy1990,2020-12-07T11:30:49Z,66039620
Q105393673,Bearcat,2021-01-20T00:39:54Z,66438103
Q105393822,Fuhghettaboutit,2021-05-11T14:09:30Z,67637585
Q105394075,Penale52,2021-02-08T15:14:39Z,66672123
Q105394809,Emcee47,2021-02-03T16:10:56Z,66602914
Q105395976,Niegodzisie,2021-03-07T20:29:39Z,67033618
Q105397672,Horst-schlaemma,2021-03-11T02:30:43Z,67064658
Q105401135,Flalf,2021-02-09T04:18:20Z,66682131
Q105405539,Piotrus,2021-02-09T09:05:13Z,66683982
Q105408975,TeamMB0013,2019-07-24T19:12:49Z,61364982
Q105409052,Sietecolores,2021-02-09T11:54:17Z,66685509
Q105409110,Parentepedia,2021-02-08T22:43:27Z,66678093
Q105409148,Sierrra.smith,2021-02-08T23:04:46Z,66678228
Q105410562,P.hogg,2021-02-09T15:57:16Z,66688485
Q105411904,Chase Jablon,2021-02-07T04:59:19Z,66653270
Q105419213,Kashmorwiki,2021-02-10T04:57:05Z,66699098
Q105419264,Ampimd,2021-02-10T03:34:27Z,66698099
Q105421297,Thriley,2021-02-03T10:34:33Z,66600439
Q105422884,Zakhx150,2021-02-10T11:29:17Z,66701409
Q105423296,Davidstewartharvey,2021-02-10T11:57:23Z,66701568
Q105423312,Nigej,2021-02-10T11:15:19Z,66701334
Q105424170,Kalimoun,2021-02-10T13:27:55Z,66702033
Q105424200,Rhaegar I,2021-02-09T20:23:35Z,66691405
Q105424206,BeanieFan11,2021-02-09T22:11:06Z,66692240
Q105424226,CJCurrie,2021-02-09T21:05:00Z,66691742
Q105424281,Salihfurqan,2021-02-08T12:29:32Z,66670888
Q105424810,Moonraker,2021-12-22T22:16:24Z,69575439
Q105424908,MonFrontieres,2021-01-26T23:29:34Z,66511261
Q105425870,Hudlag,2021-02-10T15:43:28Z,66703015
Q105427480,Madenry,2021-02-17T13:49:26Z,66796096
Q105435527,DJ allu,2021-02-11T09:41:18Z,66711112
Q105435536,,,
Q105435556,,,
Q105436755,Cavan121012,2021-02-11T11:40:38Z,66711775
Q105437657,AcMY01,2021-02-11T13:11:21Z,66712232
Q105437786,Philafrenzy,2021-02-10T16:16:02Z,66703401
Q105437828,Throughthemind,2021-02-10T21:08:33Z,66706129
Q105437840,Add92,2021-02-10T19:40:26Z,66705415
Q105437847,Cva24,2021-02-10T22:48:15Z,66706834
Q105437920,Moondragon21,2021-02-10T21:27:10Z,66706241
Q105437929,Kline,2021-02-10T23:03:12Z,66706923
Q105437956,Rhaegar I,2021-02-10T04:26:40Z,66698875
Q105438058,LouisAragon,2021-02-11T13:41:30Z,66712435
Q105438134,,,
Q105438637,Danidamiobi,2021-01-27T15:18:15Z,66517645
Q105438731,Moondragon21,2021-01-27T17:05:48Z,66518962
Q105438898,BeanieFan11,2021-01-28T03:04:52Z,66525403
Q105438992,FloridaArmy,2021-01-28T11:08:48Z,66528190
Q105439898,ManchotPi,2021-02-11T15:31:26Z,66713373
Q105441084,KingEdinburgh,2021-02-11T17:51:37Z,66714798
Q105441240,Simeon,2021-02-11T18:27:36Z,66715254
Q105444011,,,
Q105448295,LtNOWIS,2021-02-12T04:08:47Z,66723341
Q105448301,TimothyBlue,2021-02-12T04:02:43Z,66723031
Q105451727,Cossde,2021-02-12T10:54:16Z,66727828
Q105452356,216.174.65.158,2020-05-13T11:35:38Z,63943853
Q105452371,03md,2020-10-14T01:04:09Z,65576784
Q105452998,Citrivescence,2021-02-12T00:43:30Z,66718237
Q105453027,EAWH,2021-02-12T02:29:59Z,66719579
Q105456995,Antiqueight,2021-02-12T16:37:17Z,66730351
Q105457011,Ampimd,2021-02-12T16:30:09Z,66730290
Q105457177,Ema--or,2021-02-10T20:14:09Z,66705925
Q105459742,Steampunz,2021-02-12T17:52:11Z,66730910
Q105465434,Paora,2021-07-31T23:31:55Z,68372723
Q105465734,KingEdinburgh,2021-02-12T22:36:34Z,66733323
Q105467753,RPSwp,2021-02-13T00:37:10Z,66734156
Q105473846,Crowsus,2021-01-29T10:37:40Z,66539735
Q105474598,ShappeAli,2020-11-05T06:29:12Z,65763961
Q105476481,Crowsus,2021-02-13T13:07:04Z,66743198
Q105476797,Ortizesp,2021-02-13T01:48:12Z,66734637
Q105476827,BeanieFan11,2021-02-13T02:11:38Z,66735815
Q105476853,P.hogg,2021-02-13T14:10:00Z,66743567
Q105477172,Shaheed Hemukalani,2021-02-12T16:59:51Z,66730503
Q105477176,Tassedethe,2021-07-01T17:43:49Z,68106461
Q105477207,Thriley,2021-02-11T23:56:09Z,66718008
Q105477244,Autarch,2021-02-10T20:00:46Z,66705597
Q105477260,Lvarnet,2021-02-10T13:36:37Z,66702085
Q105478860,MainPeanut,2021-02-13T16:08:47Z,66744529
Q105480200,Gebagebo,2021-02-13T17:45:25Z,66745324
Q105480223,Jordano53,2021-02-13T17:11:45Z,66745057
Q105481109,Simeon,2021-02-13T19:19:43Z,66748026
Q105482071,Fodbold-fan,2021-02-13T19:06:32Z,66747678
Q105483289,KingEdinburgh,2021-02-13T20:06:45Z,66748439
Q105484262,Huligan0,2021-02-13T21:11:41Z,66748956
Q105484989,Tamolyn,2021-02-13T22:14:23Z,66749455
Q105486426,DustyNail,2021-02-14T03:31:14Z,66751476
Q105487213,RPSwp,2021-02-14T03:48:34Z,66751592
Q105489635,Philafrenzy,2021-02-14T09:12:54Z,66753056
Q105490105,Princess of Ara,2021-02-13T20:14:03Z,66748520
Q105490203,Rhaegar I,2021-02-12T18:56:24Z,66731451
Q105490843,Penale52,2021-02-14T14:49:26Z,66755124
Q105490865,Natg 19,2021-12-14T02:43:00Z,69508344
Q105491155,GiantSnowman,2021-02-14T15:21:54Z,66755377
Q105491156,Fodbold-fan,2021-02-14T15:19:33Z,66755358
Q105491160,Penale52,2021-02-14T15:06:15Z,66755241
Q105491644,Madenry,2021-02-14T16:05:00Z,66755778
Q105494203,Simeon,2021-02-14T20:17:04Z,66759525
Q105496750,HickoryOughtShirt?4,2021-02-14T23:44:55Z,66761110
Q105496759,Ibdawud,2021-02-14T23:29:58Z,66761030
Q105496787,Evan6065,2021-02-14T23:01:23Z,66760868
Q105497906,Amustard,2021-02-15T01:04:58Z,66761532
Q105498533,RPSwp,2021-02-15T02:19:15Z,66761991
Q105499124,Psychologist Guy,2021-02-15T03:40:23Z,66762658
Q105499771,Esculenta,2021-02-15T04:38:58Z,66762984
Q105501300,Shotgun pete,2021-02-15T07:53:59Z,66764416
Q105501303,Iamreallygoodatcheckers,2021-02-15T07:13:37Z,66764215
Q105502027,Greeneyed soul,2021-02-15T09:38:26Z,66764884
Q105504940,Innisfree987,2021-01-31T21:34:43Z,66567077
Q105511557,CRICKETMANIAC303,2021-02-15T14:47:57Z,66766837
Q105513884,Delabrede,2021-02-15T15:22:36Z,66767103
Q105515765,Biglittlehugesmall65,2021-02-15T17:22:06Z,66768127
Q105515770,JGHowes,2021-02-15T17:18:58Z,66768107
Q105516319,Simeon,2021-02-15T18:45:29Z,66768818
Q105519061,MWahaiibii,2021-02-15T20:53:53Z,66769982
Q105521856,OaxacaGenius,2021-02-15T23:20:31Z,66771074
Q105522875,RoundSquare,2021-02-16T01:24:51Z,66771978
Q105523049,Gypaetus,2021-02-16T02:20:11Z,66772266
Q105525835,Taung Tan,2021-02-16T09:36:51Z,66774875
Q105526457,Abishe,2021-02-16T10:05:57Z,66775010
Q105528296,,,
Q105530248,MainPeanut,2021-02-16T16:35:15Z,66777765
Q105530252,MWahaiibii,2021-02-16T16:29:32Z,66777727
Q105530270,Geregen2,2021-02-16T15:27:44Z,66777209
Q105534358,HickoryOughtShirt?4,2021-02-16T23:01:38Z,66780913
Q105535009,Nehme1499,2021-02-17T00:11:02Z,66781298
Q105535939,KinoIndustries,2020-05-23T01:10:16Z,64039580
Q105536166,Sadko,2021-02-17T02:15:32Z,66785566
Q105545570,SarahTHunter,2021-02-17T12:08:03Z,66795523
Q105546483,MWahaiibii,2021-02-17T13:49:28Z,66796097
Q105546492,Thomas H. White,2021-02-17T13:32:54Z,66796005
Q105546519,Tassedethe,2021-07-29T18:51:32Z,68355211
Q105546549,DBD,2021-04-28T10:41:17Z,67521824
Q105546567,CarolSusanHalls,2021-02-15T21:42:48Z,66770387
Q105547603,Oceanh,2021-02-17T15:47:36Z,66796987
Q105550915,Bashereyre,2021-02-17T20:23:44Z,66799437
Q105551735,Aymatth2,2021-02-17T22:39:11Z,66800461
Q105554573,Gunwriter,2021-02-18T09:47:59Z,66807186
Q105555459,Labor Watch,2009-11-17T13:35:34Z,25110828
Q105555787,Jevansen,2021-02-04T00:22:41Z,66607589
Q105555811,FloridaArmy,2021-01-31T19:00:27Z,66565226
Q105556377,Jevansen,2020-07-07T07:33:38Z,64483794
Q105560145,Omer123hussain,2021-02-18T11:14:24Z,66807699
Q105560156,Jonny Nixon,2021-02-18T11:01:11Z,66807631
Q105560286,FloridaArmy,2021-02-15T19:13:10Z,66769148
Q105560985,RPSwp,2021-02-18T13:23:51Z,66808525
Q105561497,Kolesn,2009-12-07T08:52:25Z,25345072
Q105561532,Moonraker,2021-02-04T07:55:26Z,66611977
Q105564027,JohnLMoore1966,2021-02-18T14:40:17Z,66808981
Q105564079,Innisfree987,2021-02-02T18:01:20Z,66589288
Q105564691,Deafmix3,2021-02-17T21:53:19Z,66800153
Q105565203,NIA3000,2021-02-16T06:49:57Z,66773904
Q105565309,Antiqueight,2021-02-15T14:08:27Z,66766579
Q105565369,FloridaArmy,2021-02-14T22:21:13Z,66760590
Q105565383,FloridaArmy,2021-02-15T02:45:09Z,66762178
Q105565593,Hailey McAllister,2021-02-14T08:25:29Z,66752837
Q105568412,Dr Aaij,2021-02-10T17:25:28Z,66704111
Q105571895,Jmanlucas,2021-02-18T18:33:20Z,66811111
Q105575830,Simeon,2021-02-18T22:30:33Z,66813287
Q105576963,FacetsOfNonStickPans,2021-02-19T03:47:25Z,66818058
Q105580573,Rugbyfan22,2021-02-04T21:16:01Z,66618279
Q105581551,Hebrides,2012-07-29T14:55:16Z,36576405
Q105581784,ThrowingBricks,2021-02-19T12:59:31Z,66821312
Q105581818,Microwave Anarchist,2021-02-19T11:30:18Z,66820835
Q105581833,Rugbyfan22,2021-02-19T11:14:03Z,66820760
Q105582395,ArsenalFan700,2021-02-19T13:40:35Z,66821616
Q105582887,PensRule11385,2021-02-18T23:40:45Z,66813775
Q105582917,Ortizesp,2021-02-19T01:23:48Z,66814615
Q105582919,Eagles247,2021-02-18T20:35:14Z,66812351
Q105583115,Warofdreams,2021-02-19T00:45:42Z,66814172
Q105583127,KingEdinburgh,2021-02-18T22:44:58Z,66813403
Q105583167,,,
Q105583226,,,
Q105583315,Smt42,2021-02-18T03:46:45Z,66804807
Q105583333,Issan Sumisu,2021-02-18T18:42:18Z,66811189
Q105583646,Owula kpakpo,2021-02-16T05:03:15Z,66773435
Q105584183,GRALISTAIR,2021-02-08T16:09:53Z,66672615
Q105585432,,,
Q105587955,MrLinkinPark333,2021-02-02T18:42:49Z,66589792
Q105588400,SalamAlayka,2021-02-19T19:52:13Z,66824867
Q105592169,Estopedist1,2021-02-19T21:50:28Z,66825829
Q105592758,Adamtt9,2021-02-19T23:07:07Z,66826519
Q105593319,,,
Q105594682,AmadoMac,2021-02-20T06:49:24Z,66829113
Q105598573,ShappeAli,2020-11-05T09:23:35Z,65764506
Q105603466,Bahnfrend,2021-02-20T14:22:41Z,66831518
Q105603782,ShappeAli,2021-01-31T16:14:19Z,66563055
Q105604575,Jacona,2021-02-19T21:57:43Z,66825911
Q105604584,4meter4,2021-02-20T01:10:14Z,66827337
Q105604688,Rhaegar I,2021-02-19T19:38:12Z,66824753
Q105604734,TheBirdsShedTears,2021-02-19T17:58:04Z,66823855
Q105604854,,,
Q105605115,Minheepark33,2019-10-06T12:21:36Z,61986184
Q105605516,Ally at Wenard,2021-02-06T00:26:59Z,66635450
Q105605677,Bashereyre,2021-02-20T16:52:09Z,66832646
Q105613087,Ortizesp,2021-02-21T03:43:14Z,66838677
Q105614436,Corwin of Amber,2021-03-01T09:23:16Z,66945509
Q105614852,Penale52,2021-02-06T15:35:54Z,66644736
Q105615231,Add92,2021-02-05T13:21:26Z,66629920
Q105615602,RFD,2020-09-19T17:57:35Z,65363907
Q105615943,Victuallers,2021-02-06T16:50:48Z,66645339
Q105617150,Buidhe,2021-02-21T11:55:44Z,66843856
Q105617191,पाटलिपुत्र,2021-03-10T11:50:46Z,67058222
Q105620263,Scanlan,2021-02-21T14:01:07Z,66844477
Q105620330,,,
Q105620331,RoundSquare,2021-02-20T23:42:30Z,66837563
Q105620367,Geregen2,2021-02-20T20:15:29Z,66836108
Q105620373,Derby 95,2021-02-21T00:26:54Z,66837805
Q105620397,Huligan0,2021-02-20T21:46:56Z,66836714
Q105620399,Zakhx150,2021-02-23T16:16:05Z,66873355
Q105620503,RFD,2021-02-20T22:11:40Z,66836899
Q105622926,Davidlofgren1996,2021-02-21T20:46:26Z,66848974
Q105623890,ImSnot,2021-02-23T02:43:52Z,66864671
Q105624263,Cva24,2021-02-22T04:26:49Z,66852129
Q105625532,Lugnuts,2021-02-22T07:55:56Z,66854425
Q105626273,,,
Q105626287,Lugnuts,2021-02-22T08:01:48Z,66854450
Q105627367,Zwerubae,2021-02-22T12:18:21Z,66855919
Q105627368,B.Korlah,2021-02-22T12:04:41Z,66855833
Q105627815,Ortizesp,2021-02-22T01:37:56Z,66851001
Q105627819,Haveitall07,2020-09-26T05:05:28Z,65422051
Q105627909,Jaywardhan009,2021-02-22T15:35:02Z,66857330
Q105627913,Soman,2021-02-21T22:32:16Z,66849908
Q105627943,David Eppstein,2021-02-21T23:56:54Z,66850389
Q105627956,ShappeAli,2021-02-21T14:52:17Z,66844737
Q105627960,TrangaBellam,2021-02-21T18:34:26Z,66846923
Q105627969,RFD,2021-02-21T16:30:52Z,66845644
Q105628770,Aumnamahashiva,2021-02-22T16:26:22Z,66858089
Q105632983,San Marco Venice,2021-02-22T19:53:49Z,66860133
Q105636111,Cristóbalrguacl,2021-02-22T22:17:09Z,66861353
Q105636114,Oronsay,2021-02-27T19:58:17Z,66924164
Q105636381,BrazilianDude70,2021-02-23T05:31:27Z,66868552
Q105636386,AFreshStart,2021-02-23T03:42:23Z,66865882
Q105637156,Xia,2021-03-07T20:19:35Z,67033555
Q105637492,Nana222222,2021-02-23T10:52:14Z,66871092
Q105637592,FloridaArmy,2020-12-30T09:51:06Z,66238260
Q105637938,Patapsco913,2021-02-09T09:17:49Z,66684063
Q105638719,Sjschen,2021-02-08T17:53:24Z,66673710
Q105638896,RFD,2021-02-23T11:26:30Z,66871277
Q105638952,Andiamoltre,2021-02-06T01:27:11Z,66635829
Q105640790,Lugnuts,2021-02-23T12:10:18Z,66871527
Q105641686,TheDeviantPro,2021-06-19T06:16:50Z,67989828
Q105641759,JJMC89,2021-02-24T04:56:50Z,66883301
Q105642299,CorkMan,2021-02-23T15:14:26Z,66872805
Q105642329,Gihan Jayaweera,2021-02-23T15:56:47Z,66873106
Q105642357,Rkehler3,2021-02-23T05:09:46Z,66868460
Q105642441,Bookworm-ce,2021-02-22T22:09:42Z,66861290
Q105642479,Aciram,2021-02-22T19:50:37Z,66860095
Q105643357,Lilystyle,2021-02-23T16:50:24Z,66873675
Q105644209,TracyFleuryFan,2021-02-23T03:20:15Z,66865661
Q105646615,Alsoriano97,2021-03-02T12:38:11Z,66959272
Q105656239,BrazilianDude70,2021-02-24T03:45:04Z,66882220
Q105657828,MonFrontieres,2021-01-30T16:43:02Z,66553028
Q105658239,GiantSnowman,2020-09-22T20:59:41Z,65391810
Q105659287,Amys eye,2021-02-24T12:51:02Z,66885772
Q105659456,Antiqueight,2021-02-24T13:50:30Z,66886179
Q105660146,,,
Q105660344,Slvrdlphn,2021-02-24T05:34:55Z,66883534
Q105660597,Spiderone,2021-02-23T23:30:11Z,66877176
Q105661375,Lugnuts,2021-02-24T07:13:55Z,66884025
Q105661604,Warofdreams,2021-02-23T20:47:09Z,66876033
Q105661631,Seacactus 13,2021-07-15T18:16:41Z,68244960
Q105662003,Derek R Bullamore,2021-02-23T20:23:37Z,66875843
Q105662236,Sportzeditz,2021-02-23T17:09:49Z,66873835
Q105662279,PamD,2021-02-23T16:16:50Z,66873363
Q105662387,Esamiarum,2021-02-22T07:54:41Z,66854422
Q105666033,Davidlofgren1996,2021-02-24T18:41:10Z,66888564
Q105666223,,,
Q105668835,Simeon,2021-02-24T22:45:56Z,66890789
Q105670141,TracyFleuryFan,2021-02-25T03:20:18Z,66894063
Q105672926,Bruin2,2019-08-17T21:07:29Z,61540356
Q105672931,Raptorsfan23,2020-07-20T00:29:16Z,64593731
Q105673810,Rugbyfan22,2021-02-25T10:37:57Z,66896864
Q105673869,,,
Q105675318,Davidlofgren1996,2021-02-24T20:57:15Z,66889707
Q105675327,Lugnuts,2021-02-25T07:44:40Z,66896002
Q105675515,RPSwp,2021-02-24T21:16:33Z,66889846
Q105675682,KidAd,2021-02-24T22:27:33Z,66890429
Q105675700,HickoryOughtShirt?4,2021-02-25T00:45:06Z,66891825
Q105675711,Aterrence,2021-02-24T19:11:41Z,66888848
Q105675769,Facterium,2021-02-12T00:42:45Z,66883474
Q105675780,Xicanx,2021-02-23T05:51:08Z,66868628
Q105676925,Add92,2021-02-10T22:29:17Z,66706730
Q105677048,KidAd,2021-02-11T01:40:45Z,66707742
Q105677778,Mrgoggins90,2021-02-25T17:22:11Z,66899644
Q105679224,Fixer88,2021-02-25T18:46:14Z,66900348
Q105680447,Estopedist1,2021-02-25T19:53:01Z,66900981
Q105685792,Eagles247,2021-02-26T04:43:45Z,66908610
Q105685812,Penny Richards,2021-02-26T03:55:35Z,66907274
Q105685824,Naushervan,2021-02-26T03:36:14Z,66907105
Q105686259,KingEdinburgh,2021-02-25T18:23:12Z,52258717
Q105686374,Jim Michael,2021-02-11T15:53:10Z,66713519
Q105686534,Lugnuts,2021-02-26T07:47:14Z,66910126
Q105686558,Mikebang,2011-03-07T17:53:22Z,31111583
Q105687423,Rugbyfan22,2021-02-26T10:56:45Z,66911110
Q105687519,Thriley,2021-02-26T06:45:36Z,66909829
Q105687857,KingEdinburgh,2021-02-26T12:31:25Z,66911596
Q105687862,Luciapop,2021-02-26T11:09:20Z,66911170
Q105688195,Abishe,2021-02-26T14:20:12Z,66912204
Q105688388,FeverishAxe0,2021-02-25T21:25:09Z,66901757
Q105688535,Lefcentreright,2021-02-25T20:37:17Z,66901425
Q105688809,Kingsriter201,2021-02-25T21:17:39Z,66901697
Q105688902,Greghenderson2006,2021-02-23T02:13:34Z,66863836
Q105688935,Joan arden murray,2021-02-21T19:44:28Z,66848422
Q105692937,Eizba,2021-02-26T17:37:02Z,66913874
Q105693508,Estopedist1,2021-02-26T20:06:10Z,66915431
Q105696485,RPSwp,2021-02-27T00:48:43Z,66917166
Q105696514,Mpk662,2021-01-26T11:33:41Z,66504644
Q105697811,Lugnuts,2021-02-27T07:50:21Z,66919276
Q105697812,Lugnuts,2021-02-27T07:48:45Z,66919269
Q105699101,Artaxerxes,2012-02-23T15:16:00Z,34855604
Q105700399,Lugnuts,2021-02-27T12:30:22Z,66920585
Q105701022,Boubloub,2021-02-27T03:16:05Z,66917920
Q105701072,Grantennis,2021-02-26T06:47:36Z,66909836
Q105701948,Sehhollins,2014-08-01T16:47:51Z,43449844
Q105701972,Maometto97,2021-02-27T16:59:17Z,66922759
Q105702215,Redacwiki,2021-02-12T17:01:30Z,66730519
Q105702219,P.hogg,2021-02-12T17:15:07Z,66730626
Q105702288,MonFrontieres,2021-02-13T00:09:42Z,66733963
Q105703593,JonP125,2021-02-27T19:46:38Z,66924078
Q105703605,BeanieFan11,2021-02-27T19:31:24Z,66923924
Q105703950,MainPeanut,2021-02-13T15:44:33Z,66744359
Q105704216,Bison X,2021-09-18T17:12:46Z,68758079
Q105704383,0716pyhao,2021-07-10T15:08:03Z,68203357
Q105704421,Geregen2,2021-02-27T21:12:05Z,66924634
Q105704683,Estopedist1,2021-02-27T22:28:07Z,66925071
Q105705989,Davidlofgren1996,2021-03-11T22:57:24Z,67072402
Q105706916,Saratoga15,2020-11-18T19:46:48Z,65876330
Q105707050,Aedis1,2021-02-27T23:31:38Z,66925403
Q105707093,EditorTz,2021-02-14T07:41:13Z,66752669
Q105709083,Jevansen,2021-02-28T04:41:47Z,66929715
Q105709631,Estopedist1,2021-02-28T07:49:50Z,66931326
Q105709977,Victuallers,2021-02-28T15:28:41Z,66934090
Q105710206,Estopedist1,2021-02-28T10:25:22Z,66932203
Q105710402,Wikinaija,2021-02-28T10:45:27Z,66932318
Q105712089,Estopedist1,2021-02-28T14:17:41Z,66933569
Q105712747,Lugnuts,2021-02-27T18:16:31Z,66923270
Q105712954,Marcus MT,2021-02-28T12:30:32Z,66932882
Q105712963,Shirt58,2021-02-28T11:10:36Z,66932458
Q105712973,S. Nouruzi,2021-02-28T13:43:11Z,66933361
Q105713014,Rickinasia,2021-02-28T07:20:14Z,66931223
Q105713053,Derek R Bullamore,2021-02-27T20:33:21Z,66924395
Q105713122,Rhaegar I,2021-02-26T02:13:50Z,66904715
Q105713257,WEKH Kim,2021-02-24T03:46:38Z,66882275
Q105713726,Penny Richards,2021-02-28T16:44:26Z,66934614
Q105714160,Bigmike2346,2021-02-28T17:45:50Z,66935134
Q105714182,Bison X,2021-10-02T11:13:20Z,68867862
Q105715973,Rosiestep,2021-02-28T18:12:44Z,66935476
Q105716621,TJMSmith,2021-03-01T00:34:54Z,66939153
Q105719336,Estopedist1,2021-03-01T06:51:33Z,66944711
Q105719416,Marcus MT,2021-03-01T05:59:02Z,66943474
Q105719441,Estopedist1,2021-03-01T07:01:35Z,66944757
Q105719546,PotentPotables,2021-03-01T01:40:18Z,66939779
Q105720254,Zgnjecko,2021-03-01T08:32:30Z,66945212
Q105720757,Ballpointbiro,2021-03-01T09:21:07Z,66945490
Q105720863,Penale52,2021-02-14T14:56:41Z,66755175
Q105722759,BrazilianDude70,2021-03-01T14:26:20Z,66947299
Q105722872,BeanieFan11,2021-02-28T20:38:49Z,66937529
Q105722879,CeeGee,2021-02-28T16:25:16Z,66934507
Q105722887,Davidlofgren1996,2021-02-28T21:57:55Z,66938146
Q105723093,Bigmike2346,2021-03-01T15:39:17Z,66947863
Q105723153,Unoquha,2021-03-01T13:32:22Z,66946897
Q105723194,GPL93,2021-02-28T23:05:01Z,66938583
Q105723215,Bison X,2021-09-18T23:29:48Z,68760203
Q105723268,Dsp13,2021-02-28T15:49:30Z,66934177
Q105723585,NouveauSarfas,2021-03-01T16:28:43Z,66948409
Q105725003,Mwintirew,2021-03-01T20:49:49Z,66950739
Q105725194,Estopedist1,2021-03-01T21:33:54Z,66951149
Q105725329,Fodbold-fan,2021-03-01T21:52:14Z,66951323
Q105725456,Estopedist1,2021-03-01T22:26:49Z,66951616
Q105725822,Keroks,2021-03-01T23:21:42Z,66951993
Q105728108,Estopedist1,2021-03-02T07:31:26Z,66957542
Q105728449,Estopedist1,2021-03-02T09:12:52Z,66958069
Q105729235,Roberto221,2021-03-25T08:38:05Z,67208076
Q105729444,RP88,2010-09-23T23:25:45Z,28931377
Q105729477,FloridaArmy,2021-02-15T02:16:23Z,66761969
Q105730652,Tachs,2021-02-16T04:43:51Z,66773322
Q105730949,Jmanlucas,2021-03-10T23:18:17Z,67063513
Q105731704,Simon Edwards Esq,2021-02-28T18:12:47Z,66935478
Q105731796,Ploni,2021-03-02T16:17:55Z,66961087
Q105732976,Ploni,2021-03-02T17:34:10Z,66962054
Q105735233,Nigej,2021-03-02T18:33:59Z,66962594
Q105737292,Estopedist1,2021-03-02T21:12:21Z,66964018
Q105737473,Estopedist1,2021-03-02T21:37:23Z,66964218
Q105741475,,,
Q105741509,KingEdinburgh,2021-03-03T04:25:21Z,66973180
Q105742355,Estopedist1,2021-03-03T08:07:04Z,66975707
Q105742724,Be4waugh,2021-02-16T00:39:52Z,66771757
Q105743129,Robjensen1,2021-03-03T09:27:58Z,66976170
Q105744384,Rugbyfan22,2021-03-03T10:42:42Z,66976553
Q105744763,Khilari&historian,2021-03-03T11:20:41Z,66976758
Q105745457,,,
Q105745885,Bashereyre,2021-03-03T14:14:49Z,66977823
Q105745894,,,
Q105746464,Anglicanus,2021-04-30T14:33:57Z,67540350
Q105747062,Das osmnezz,2021-03-03T05:10:50Z,66974041
Q105747133,Derlinus,2021-03-02T22:13:27Z,66964560
Q105747180,PensRule11385,2021-03-02T23:15:18Z,66965255
Q105747195,Activist,2021-03-02T19:35:46Z,66963238
Q105747216,Star Mississippi,2021-03-02T19:04:55Z,66962902
Q105748342,Fixer88,2021-03-04T12:46:19Z,66990019
Q105752305,Kingsriter201,2021-03-04T04:23:03Z,66986549
Q105752394,JonP125,2021-03-04T03:17:11Z,66985569
Q105752865,Estopedist1,2021-03-04T07:34:32Z,66988157
Q105753367,Patlundy,2020-01-31T08:42:11Z,62986395
Q105753424,Estopedist1,2021-03-04T08:58:37Z,66988659
Q105753833,Tamolyn,2021-03-04T09:17:05Z,66988753
Q105754206,Piotras18,2021-03-04T10:07:58Z,66989098
Q105755058,Estopedist1,2021-03-04T13:40:22Z,66990321
Q105755152,Microwave Anarchist,2021-03-04T13:55:24Z,66990414
Q105755178,Alvaldi,2021-03-04T13:17:37Z,66990196
Q105755196,Lugnuts,2021-03-04T12:24:10Z,66989875
Q105755221,Lugnuts,2021-03-04T12:09:04Z,66989801
Q105755594,65.208.200.156,2005-09-06T20:56:14Z,2629141
Q105755596,BeanieFan11,2021-03-03T20:28:04Z,66981156
Q105755598,24.45.252.82,2020-10-30T20:39:37Z,65722196
Q105755605,BrazilianDude70,2021-03-03T21:29:39Z,66981593
Q105755609,,,
Q105755656,Davidlofgren1996,2021-03-03T19:50:57Z,66980739
Q105755790,Lugnuts,2021-03-04T15:33:10Z,66991087
Q105755802,EponineBunnyKickQueen,2021-03-03T19:32:52Z,66980563
Q105755804,Cy1935,2021-03-03T18:42:36Z,66980012
Q105755816,Thriley,2021-03-03T22:07:05Z,66981859
Q105755847,Warofdreams,2021-03-04T01:29:39Z,66983280
Q105755886,Citrivescence,2021-03-03T04:19:57Z,66973029
Q105755897,Tassedethe,2021-04-24T22:45:11Z,67492333
Q105756066,Estopedist1,2021-03-04T16:43:20Z,66991860
Q105756146,Estopedist1,2021-03-04T17:07:43Z,66992089
Q105756185,Estopedist1,2021-03-04T17:16:32Z,66992185
Q105756929,Estopedist1,2021-03-04T20:00:32Z,66993672
Q105757595,Estopedist1,2021-03-04T22:08:20Z,66994751
Q105759811,Fritzmann2002,2021-03-08T17:29:00Z,67040853
Q105759889,Brancaolcat,2021-02-16T18:20:16Z,66778667
Q105760191,,,
Q105760585,Estopedist1,2021-03-05T09:11:32Z,67005913
Q105761422,Estopedist1,2021-03-05T11:15:23Z,67006568
Q105761670,,,
Q105762045,14GTR,2021-03-05T12:57:23Z,67007123
Q105762966,Add92,2021-03-05T14:09:14Z,67007657
Q105763481,,,
Q105763499,Rhaegar I,2021-03-05T04:11:21Z,67002551
Q105763513,Maleschreiber,2021-03-04T20:13:34Z,66993781
Q105763522,,,
Q105763530,Pharaoh of the Wizards,2021-03-05T03:24:30Z,67000966
Q105763621,Rhaegar I,2021-02-28T18:02:15Z,66935319
Q105763777,25mdvr,2021-03-05T16:05:41Z,67008577
Q105772766,Marcus MT,2021-03-06T04:36:57Z,67018617
Q105775475,,,
Q105776640,JN869,2021-03-06T00:57:37Z,67014356
Q105781698,Arjun Muraleedharan Madathiparambil,2021-03-05T19:19:00Z,67010207
Q105781892,,,
Q105781917,HighlyLogicalVulcan,2021-02-26T19:04:36Z,66914696
Q105781946,Evan6065,2020-06-04T17:19:08Z,67020413
Q105783032,Celestina007,2021-03-05T23:54:11Z,67013059
Q105783040,Dmoore5556,2021-03-06T05:53:50Z,67019003
Q105783058,BoringHistoryGuy,2021-03-05T21:01:53Z,67011083
Q105789684,Globg,2021-03-06T17:53:39Z,67023599
Q105801091,Karen McNeil,2021-03-06T18:03:13Z,67023654
Q105806680,Gollenaiven,2008-08-10T21:44:15Z,18801453
Q105806793,Eddie891,2021-01-16T03:28:09Z,66397045
Q105810168,Mianvar1,2021-03-07T12:35:19Z,67029892
Q105810174,Billjones94,2021-03-07T11:40:49Z,67029605
Q105810191,AndyGordon,2020-12-30T10:25:39Z,66238401
Q105810502,Vinegarymass911,2021-03-07T13:55:03Z,67030257
Q105810533,Vinegarymass911,2021-03-07T14:01:26Z,67030294
Q105810534,JamCor,2021-03-07T13:22:07Z,67030113
Q105811065,SmackJam,2021-03-06T19:31:22Z,67024302
Q105811149,Kashmiri,2021-03-07T17:10:10Z,67031863
Q105811152,Hariboneagle927,2021-03-06T23:23:54Z,67025836
Q105811159,Ortizesp,2021-03-07T01:27:32Z,67026545
Q105811234,IQual,2021-03-07T10:01:39Z,67028955
Q105811311,Geregen2,2021-03-07T01:42:57Z,67026607
Q105811320,Vecihi91,2021-03-07T14:35:22Z,67030495
Q105811859,Penny Richards,2021-03-07T14:36:28Z,67030505
Q105812126,Tbh.wxlker,2021-03-06T22:34:07Z,67025544
Q105812231,CJCurrie,2021-03-06T23:41:33Z,67025931
Q105812265,Oculi,2021-03-06T22:20:10Z,67025437
Q105812482,Stinglehammer,2021-03-06T14:44:12Z,67022266
Q105812491,,,
Q105812525,ShappeAli,2021-03-05T17:32:00Z,67009325
Q105812537,GPL93,2021-03-05T16:08:16Z,67008636
Q105812755,Penny Richards,2021-03-07T16:30:17Z,67031474
Q105814782,Estopedist1,2021-03-07T19:08:35Z,67032980
Q105815917,Snickers2686,2021-03-30T16:53:45Z,67255436
Q105815927,Rockhead126,2021-03-07T19:40:48Z,67033247
Q105815932,Science-bios,2021-03-07T19:35:34Z,67033210
Q105815945,Biglittlehugesmall65,2021-03-07T19:09:51Z,67032992
Q105816191,E4Esau,2021-03-09T11:20:20Z,67048122
Q105816195,E4Esau,2021-03-09T15:22:42Z,67049831
Q105816448,Mukaram123,2021-03-08T23:15:06Z,67045341
Q105816826,Emirdanbaba,2021-03-09T19:11:54Z,67051658
Q105818548,Sunkanmi12,2021-03-08T20:12:09Z,67042555
Q105818599,Megalibrarygirl,2021-03-05T22:04:10Z,67011485
Q105819081,Kinvidia,2021-03-29T15:00:01Z,67244873
Q105819284,Emirdanbaba,2021-03-09T04:02:09Z,67046014
Q105819313,Sunkanmi12,2021-03-09T13:58:23Z,67049143
Q105819317,Sunkanmi12,2021-03-09T10:16:30Z,67047815
Q105820862,Penale52,2021-02-21T18:09:33Z,66846704
Q105821176,J0cote12,2021-02-21T18:48:17Z,66847393
Q105821415,.karellian-24,2021-02-22T01:48:21Z,66851058
Q105822578,Rei Momo,2021-03-09T11:33:33Z,67048176
Q105822662,Jillraymond,2021-01-01T16:05:41Z,66258870
Q105824025,Oculi,2021-03-08T13:35:54Z,67039179
Q105824763,Wpnripper,2020-12-12T20:40:08Z,66087452
Q105824937,,,
Q105825038,Rockhead126,2021-03-07T18:25:11Z,67032547
Q105825101,Premkudva,2021-03-05T06:46:37Z,67005004
Q105825114,Estopedist1,2021-03-08T16:40:03Z,67040467
Q105825194,HickoryOughtShirt?4,2021-03-08T16:58:38Z,67040595
Q105825309,Estopedist1,2021-03-08T17:14:53Z,67040744
Q105826049,Antiqueight,2021-03-08T17:52:18Z,67041208
Q105828178,Estopedist1,2021-03-08T21:38:52Z,67043204
Q105828368,SmartyPants22,2021-03-08T21:34:36Z,67043169
Q105828379,Saqib.zamir.ksa,2021-03-08T21:16:41Z,67043042
Q105829330,Kinvidia,2021-03-09T00:57:29Z,67045085
Q105830569,BrazilianDude70,2021-03-09T03:52:22Z,67045962
Q105833744,KidAd,2021-02-23T00:37:12Z,66862460
Q105833905,Doug butler,2021-03-05T20:57:07Z,67011046
Q105834125,Sportzeditz,2021-02-22T15:34:25Z,66857324
Q105834391,Kumarshubham3oo6,2021-02-17T18:17:16Z,66798223
Q105834480,Harlay,2007-08-01T02:16:44Z,12557391
Q105835717,FloridaArmy,2021-01-30T01:39:01Z,66547576
Q105836416,Virtuus,2021-03-09T14:09:23Z,67049221
Q105836577,BrazilianDude70,2021-03-09T15:15:24Z,67049779
Q105836812,Duncanoff,2021-03-06T13:40:18Z,67021845
Q105837783,LondonWikiMaker,2021-03-09T15:54:09Z,67050075
Q105837984,Schnitza fars,2021-03-08T20:31:27Z,67042696
Q105838092,Scholar1961,2021-03-08T03:53:58Z,67036160
Q105838111,Mhawk10,2021-03-08T03:41:55Z,67036110
Q105838867,Calliopejen1,2021-03-09T17:02:46Z,67050628
Q105839752,Indy beetle,2021-03-09T19:24:01Z,67051824
Q105840380,Spy-cicle,2021-03-09T22:41:10Z,67053697
Q105840381,Koala15,2021-03-09T22:38:47Z,67053676
Q105840388,Muchclag,2021-03-09T22:06:49Z,67053343
Q105842350,Ortizesp,2021-03-10T01:12:43Z,67054767
Q105845480,Estopedist1,2021-03-10T06:48:56Z,67056629
Q105846638,SportsOlympic,2021-02-24T09:31:25Z,66884787
Q105846737,No Swan So Fine,2021-02-23T10:49:38Z,66871070
Q105846916,BD2412,2015-08-27T01:16:38Z,47638812
Q105848183,,,
Q105856817,Gagaluv1,2021-03-10T14:26:15Z,67059146
Q105858806,Geregen2,2021-03-10T15:00:31Z,67059380
Q105861422,ArsenalFan700,2021-03-10T00:20:55Z,67054439
Q105862301,MWD115,2021-03-09T01:23:07Z,67045218
Q105862435,Bridgetkat,2021-03-09T05:44:52Z,67046547
Q105863101,Dsp13,2021-03-06T22:28:27Z,67025504
Q105869517,Oculi,2021-03-10T16:18:23Z,67060135
Q105870637,Bigmike2346,2021-03-10T18:43:03Z,67061197
Q105870641,BigRed606,2021-03-10T18:15:38Z,67060989
Q105871010,WilliamF1two,2021-03-10T19:10:57Z,67061466
Q105871555,Huligan0,2021-03-10T20:11:00Z,67062088
Q105872481,Aciram,2021-03-06T02:36:20Z,67017760
Q105872982,15,2021-03-10T23:03:26Z,67063421
Q105878013,Aciram,2021-03-10T17:40:43Z,67060745
Q105878176,Rococo1700,2021-03-11T03:05:58Z,67064858
Q105878321,Ausbasketvic,2021-03-10T23:54:56Z,67063702
Q105882710,FloridaArmy,2021-02-24T12:50:18Z,66885770
Q105882981,BGetmefood,2021-03-11T09:23:41Z,67066790
Q105883376,,,
Q105883415,Necrothesp,2021-02-24T22:20:15Z,66890348
Q105883536,UVICassignment,2021-02-05T05:59:04Z,66626439
Q105884786,,,
Q105884795,TheWikiholic,2020-07-06T04:59:52Z,67067942
Q105884867,,,
Q105886038,Thriley,2021-03-13T04:19:38Z,67084738
Q105886195,Geregen2,2021-03-11T14:27:16Z,67068644
Q105886758,,,
Q105887838,Vibrantsea,2021-03-02T02:14:16Z,66954194
Q105888102,Lajmmoore,2021-03-11T14:32:12Z,67068684
Q105888209,Sdkb,2021-03-11T02:15:13Z,67064572
Q105888216,Rhaegar I,2021-03-11T04:32:30Z,67065412
Q105888289,Posvol1437,2021-03-10T21:25:28Z,67062648
Q105890715,Ndahiro derrick,2021-03-11T20:22:13Z,67071311
Q105892382,Oculi,2021-03-11T21:53:35Z,67072007
Q105896254,Davidlofgren1996,2021-03-11T22:54:12Z,67072384
Q105896342,Davidlofgren1996,2021-03-11T22:48:24Z,67072338
Q105896720,Sfjohna,2021-03-11T22:00:04Z,67072064
Q105902730,Penny Richards,2021-03-12T03:48:52Z,67074032
Q105902737,Wikiaddict8962,2021-03-12T02:37:21Z,67073632
Q105902870,Idea SV,2021-03-12T21:41:04Z,67081981
Q105903654,NouveauSarfas,2021-03-12T04:51:36Z,67074477
Q105904526,Bo.260221,2021-03-12T02:41:08Z,67073655
Q105905546,,,
Q105905580,Litelad,2021-02-26T02:30:53Z,66905085
Q105905967,0716pyhao,2021-06-06T12:48:26Z,67873588
Q105906444,Aleks Fight,2021-03-12T10:22:32Z,67076053
Q105906744,BrazilianDude70,2021-02-23T02:49:38Z,66864878
Q105907090,SalamAlayka,2022-04-11T16:50:29Z,70517576
Q105914875,Ndahiro derrick,2021-01-20T12:48:47Z,66442546
Q105915730,The History Wizard of Cambridge,2021-03-12T15:35:20Z,67078276
Q105918469,Hirwa94,2021-03-11T21:54:23Z,67072018
Q105918765,Rhaegar I,2021-03-12T02:33:20Z,67073610
Q105919530,Geregen2,2021-03-10T20:19:42Z,67062158
Q105919664,Izlhyl,2021-03-07T00:41:59Z,67026315
Q105923375,Namiba,2021-03-12T17:20:18Z,67079167
Q105923953,Tamolyn,2021-03-12T18:49:53Z,67080208
Q105925335,Kante4,2021-03-12T19:23:06Z,67080501
Q105931625,Adamtt9,2021-03-12T21:23:59Z,67081861
Q105931645,Add92,2021-03-12T21:16:04Z,67081728
Q105931684,Add92,2021-03-12T21:04:24Z,67081588
Q105935497,,,
Q105939113,Ortizesp,2021-03-13T00:53:29Z,67083381
Q105939135,ArsenalFan700,2021-03-13T00:33:41Z,67083225
Q105940056,KolbyJHarris,2021-03-13T01:27:35Z,67083643
Q105940082,Geregen2,2021-03-16T14:01:24Z,67119273
Q105940337,Kingsriter201,2021-03-13T03:46:43Z,67084569
Q105941642,Bashereyre,2021-02-26T14:56:54Z,66912464
Q105943546,BD2412,2021-01-22T15:48:23Z,66466205
Q105944494,Alexanderalgrim,2021-03-13T12:36:16Z,67087490
Q105944500,Ndahiro derrick,2021-03-13T12:28:54Z,67087454
Q105944694,Namiba,2021-03-13T13:34:09Z,67087822
Q105945036,Alexanderalgrim,2021-03-13T14:10:35Z,67088092
Q105945656,,,
Q105945676,Bigmike2346,2021-03-13T15:22:10Z,67088732
Q105945781,Zana7774,2021-03-13T09:24:45Z,67086395
Q105945789,Rabbitfighter,2021-03-13T05:42:03Z,67085189
Q105945840,Jackie.salzinger,2021-03-12T11:09:21Z,67076325
Q105946408,Mpk662,2021-03-13T17:25:39Z,67089999
Q105946437,Nalbarian,2021-03-13T17:50:33Z,67090232
Q105946924,Econterms,2021-03-10T19:38:39Z,67061776
Q105947207,Ampimd,2021-03-13T20:47:59Z,67091517
Q105947288,Alexanderalgrim,2021-03-13T20:56:21Z,67091572
Q105947307,ArsenalFan700,2021-03-13T20:01:07Z,67091206
Q105947542,Huligan0,2021-03-13T21:51:32Z,67091957
Q105947551,Huligan0,2021-03-13T21:41:26Z,67091887
Q105947567,Davidlofgren1996,2021-03-13T21:15:56Z,67091708
Q105947963,Huligan0,2021-03-13T22:45:56Z,67092380
Q105947971,ArsenalFan700,2021-03-13T22:35:20Z,67092298
Q105947988,Davidlofgren1996,2021-03-13T22:16:54Z,67092136
Q105949232,Rococo1700,2021-03-14T01:59:08Z,67093675
Q105952323,Add92,2021-02-26T19:46:11Z,66915271
Q105952475,Anton Sheykin,2021-03-14T08:05:06Z,67095402
Q105953905,Davidlofgren1996,2021-03-14T10:21:47Z,67096021
Q105954374,Davidlofgren1996,2021-03-14T11:28:30Z,67096425
Q105954684,25mdvr,2021-03-14T12:44:35Z,67096865
Q105955712,ShappeAli,2021-03-11T07:30:53Z,67066218
Q105956253,Davidlofgren1996,2021-03-14T16:23:33Z,67098702
Q105956302,Salociin,2021-03-14T16:02:04Z,67098422
Q105956311,AssociateAffiliate,2021-03-14T13:19:22Z,67097067
Q105956595,Madeleineog,2021-03-14T17:34:27Z,67099255
Q105958184,EAderhold,2021-03-14T19:58:44Z,67100465
Q105958216,Ricardo Fett,2021-03-14T18:45:52Z,67099774
Q105958839,Norden1990,2021-03-14T21:59:07Z,67101373
Q105958851,Topshelver,2021-03-14T21:05:11Z,67101017
Q105959279,Playlet,2021-03-14T23:31:40Z,67102113
Q105959281,Elinor.Dashwood,2021-03-14T23:21:57Z,67102016
Q105960580,Gaois,2021-03-15T03:11:28Z,67103812
Q105962840,FloridaArmy,2020-11-23T15:48:41Z,65919154
Q105962869,Tassedethe,2021-10-11T17:35:28Z,68975385
Q105962926,David Eppstein,2021-02-27T20:55:30Z,66924518
Q105962987,,,
Q105962995,Tamolyn,2021-03-15T10:48:10Z,67106497
Q105963017,Huligan0,2021-02-20T21:24:17Z,66836561
Q105965025,Ghmyrtle,2021-03-15T13:31:20Z,67107556
Q105965028,AsliRahulGupta,2021-03-15T13:13:35Z,67107469
Q105965506,Geregen2,2021-03-15T14:59:32Z,67108154
Q105966067,Cplakidas,2021-03-15T15:04:49Z,67108221
Q105966569,,,
Q105966605,Elysia (AR),2021-03-15T16:32:51Z,67109138
Q105967632,Derek R Bullamore,2021-03-15T18:43:02Z,67110346
Q105968397,Starklinson,2021-03-16T06:39:44Z,67115603
Q105970327,KingEdinburgh,2021-03-16T01:23:50Z,67113768
Q105972542,CovidianBeast,2020-07-23T21:24:54Z,64630203
Q105972820,Huligan0,2021-02-27T21:32:46Z,66924759
Q105973212,Robertgreer,2008-04-23T11:28:05Z,17073861
Q105973219,,,
Q105973338,Elserbio00,2021-03-22T23:24:33Z,67184047
Q105974672,Mpk662,2021-03-16T12:24:21Z,67118546
Q105974675,Mpk662,2021-03-16T12:24:11Z,67118545
Q105975698,Deb,2021-03-16T14:56:17Z,67119809
Q105976770,Geregen2,2021-03-16T15:41:51Z,67120142
Q105977724,Doug butler,2021-03-15T22:36:43Z,67112505
Q105977746,,,
Q105977821,Baseballfan1948,2021-03-15T06:03:24Z,67104635
Q105979259,Tia Canita,2021-03-16T19:14:11Z,67122127
Q105981194,Oceanh,2021-03-16T22:42:55Z,67123725
Q105981210,MerielGJones,2021-03-16T21:47:13Z,67123399
Q105981514,Oceanh,2021-03-16T23:36:53Z,67124116
Q105981515,MonFrontieres,2021-03-16T23:31:11Z,67124080
Q105981733,Oceanh,2021-03-17T00:42:52Z,67124588
Q105981953,EponineBunnyKickQueen,2021-03-17T01:07:00Z,67124728
Q105983575,Jevansen,2021-03-17T06:37:23Z,67126364
Q105984622,Mustafdesam,2021-03-17T07:11:11Z,67126601
Q105984625,IQual,2021-03-17T07:07:55Z,67126585
Q105984644,JonP125,2021-03-03T01:15:20Z,66966873
Q105985332,Anakyn skywalker 6,2021-03-02T19:37:15Z,66963251
Q105985894,Lugnuts,2021-03-17T08:06:23Z,67126964
id,,,
Q732853,Inwind,2017-11-14T13:34:07Z,55793875
Q732882,MrsHudson,2010-05-17T13:44:16Z,27382681
Q732899,The Emperor's New Spy,2012-08-02T04:39:31Z,36612176
Q732958,Sebastian770,2008-08-22T22:51:47Z,18987275
Q733008,Ritchie333,2013-08-01T14:53:27Z,40128617
Q733012,Julien Tuerlinckx,2005-10-18T13:23:22Z,2935327
Q733061,Tallyho70,2006-07-26T02:49:10Z,6120475
Q733180,Wk muriithi,2004-12-12T10:12:11Z,1268882
Q733214,80.192.252.97,2003-01-06T23:07:16Z,166179
Q733249,WildCherry06,2010-08-31T08:26:03Z,28645054
Q733251,Miller17CU94,2009-05-03T22:32:01Z,22670428
Q733298,TNLNYC,2005-04-08T21:09:41Z,1711113
Q733317,EdgeNavidad,2008-06-18T09:55:47Z,18003044
Q733383,Auntieruth55,2017-02-13T20:10:08Z,53180238
Q733393,Jamie7687,2005-08-01T07:50:06Z,2352952
Q733470,Peter Mollard,2006-01-19T15:25:11Z,3773064
Q733494,Junichi,2008-11-10T09:57:36Z,20148207
Q733539,Kalaha,2007-11-20T20:57:04Z,14336258
Q733543,Warmindustry,2007-02-09T19:15:22Z,9409065
Q733567,71.49.159.210,2005-09-30T20:22:39Z,2802748
Q733602,Pjamescowie,2005-12-30T15:47:45Z,3569637
Q733621,TStone,2006-01-16T09:50:23Z,3738277
Q733633,G.-M. Cupertino,2007-09-05T11:38:50Z,13106977
Q733640,Jfdwolff,2005-01-12T23:54:33Z,1391300
Q733755,Lord Cornwallis,2010-08-25T17:31:46Z,28542560
Q733766,Davetunney,2005-08-26T00:50:05Z,2540500
Q733779,Alenux,2007-08-10T08:29:03Z,12706301
Q733788,Renamed user ixgysjijel,2005-03-13T22:35:27Z,1603071
Q733836,82.43.132.190,2005-11-06T10:49:47Z,3092978
Q733859,Babbage,2010-11-15T03:27:59Z,29601313
Q733872,Trilobite,2005-02-08T00:20:05Z,1479083
Q733899,Jagfan82,2008-01-27T23:33:20Z,15456353
Q733929,Angusmclellan,2007-03-13T20:57:49Z,10037891
Q733984,66.185.84.208,2003-09-13T22:08:48Z,317813
Q733997,Lihaas,2011-07-22T11:22:45Z,32494946
Q734028,Meibit,2011-03-24T22:09:21Z,31287884
Q734032,SndrAndrss,2007-02-17T12:48:22Z,9557247
Q734092,201.240.111.127,2005-02-21T22:05:03Z,1533830
Q734130,Ahoerstemeier,2003-09-25T18:45:09Z,327034
Q734155,Korny O'Near,2011-04-01T15:04:08Z,31360483
Q734183,Alexk785,2009-01-04T04:52:31Z,20945553
Q734221,Boffin,2003-11-17T21:24:25Z,370482
Q734264,Arwel Parry,2003-05-24T20:56:32Z,233249
Q734274,Rsabbatini,2004-12-10T15:14:17Z,1262777
Q734279,Lord Cornwallis,2015-06-18T10:43:19Z,47012190
Q734288,Jeronimo,2004-02-24T11:32:08Z,486308
Q734291,Hariboneagle927,2021-07-09T07:26:07Z,68193606
Q734362,Speedracer05,2008-05-15T04:56:35Z,17435434
Q734397,Vizcarra,2005-12-19T09:40:04Z,3468916
Q734409,Steve bloomer,2006-10-20T08:10:48Z,7528253
Q734436,24.103.167.174,2005-04-15T08:35:51Z,1743520
Q734449,Yankees10,2008-12-23T17:46:47Z,20820183
Q734452,Runselit,2011-03-16T10:23:55Z,31199253
Q734534,Darius Dhlomo,2006-12-30T07:53:03Z,8670436
Q734538,Mattinbgn,2015-09-18T07:57:06Z,47860315
Q734546,Aloysius Patacsil,2004-11-14T09:59:47Z,1167762
Q734584,RichardWeiss,2005-07-15T18:55:00Z,2241431
Q734593,Me-Myself-and-I,2006-08-02T05:25:03Z,6223832
Q734595,Dudanotak,2013-03-07T22:26:33Z,38745181
Q734596,Raphie,2007-10-19T13:13:21Z,13805895
Q734616,Gabute,2008-03-13T14:22:25Z,16273243
Q734619,NiTenIchiRyu,2014-04-01T16:08:52Z,42370378
Q734668,Priscilla D,2006-11-15T17:57:54Z,7953823
Q734685,Kumordzi,2008-12-22T18:45:44Z,20808722
Q734711,MadMax,2005-12-27T23:01:17Z,3542647
Q734734,King of the North East,2009-02-14T21:40:03Z,21539797
Q734744,Iulius,2008-02-02T21:45:18Z,15559542
Q734786,DS1953,2005-05-26T06:15:23Z,1942952
Q734808,AndriusG,2006-09-04T11:29:06Z,6837560
Q734901,KNewman,2009-06-21T09:31:41Z,23303797
Q734914,Colipon,2007-12-01T21:56:29Z,14516293
Q734935,Doma-w,2007-04-26T19:18:55Z,10915402
Q734977,Baloo rch,2003-12-15T14:21:55Z,402785
Q735001,Marcelboisard,2009-02-25T21:06:54Z,21706942
Q735017,157.157.167.74,2004-09-05T23:13:21Z,961251
Q735094,67.173.107.96,2005-04-25T23:11:34Z,1797159
Q735096,LouisAlain,2019-04-25T13:10:33Z,60585030
Q735112,Shmitra,2005-07-10T22:51:03Z,2208844
Q735117,Leonidaa,2007-03-03T20:19:20Z,9841227
Q735156,Severo,2007-07-12T22:22:55Z,12226542
Q735208,Sam Sloan,2005-09-05T15:51:42Z,2619948
Q735216,Sprinkler2,2008-03-20T20:54:50Z,16438419
Q735235,Rangerdude,2005-07-04T19:11:21Z,2168853
Q735252,Filiep,2017-08-21T18:47:45Z,54977833
Q735288,KNewman,2005-04-17T21:52:19Z,1755270
Q735297,Quadell,2006-01-27T17:49:14Z,3865583
Q735308,Infomatico,2006-12-25T19:04:38Z,8605678
Q735333,,,
Q735391,Ohlanga,2008-03-24T11:15:19Z,16537921
Q735405,Nanshu,2003-10-19T00:14:08Z,344344
Q735488,Welle4,2006-09-10T18:18:29Z,6932212
Q735519,62.166.118.191,2005-01-13T20:35:30Z,1393524
Q735549,Geschichte,2006-12-30T16:20:32Z,8674480
Q735593,159.134.52.120,2004-02-19T21:37:11Z,477167
Q735644,Niemin2,2011-10-14T20:52:03Z,33412039
Q735663,82.43.128.124,2004-07-18T12:44:12Z,840121
Q735668,Smetanahue,2015-04-10T17:51:54Z,46373798
Q735688,24.17.156.8,2004-12-03T20:54:48Z,1239253
Q735711,Nedim Ardoğa,2010-07-13T08:51:20Z,28021174
Q735729,Danny,2004-07-05T12:59:47Z,782592
Q735746,Jogurney,2008-02-14T04:00:03Z,15749227
Q735794,KaceyDiamond,2010-06-09T10:15:58Z,27654912
Q735821,Mikey younesi,2007-07-16T23:05:17Z,12284058
Q735831,Ian Spackman,2007-03-02T12:44:50Z,9807782
Q735832,Inwind,2017-01-23T07:09:34Z,52956734
Q735849,Rracecarr,2007-04-09T21:18:18Z,10561965
Q735856,HOT L Baltimore,2006-10-14T00:39:14Z,7432782
Q735910,69.203.160.220,2005-02-01T22:26:52Z,1457510
Q735957,Crownchop,2006-02-16T09:27:49Z,4091629
Q735984,BlueCanoe,2006-06-04T18:08:35Z,5421938
Q735989,WQUlrich,2020-12-25T09:22:31Z,66195302
Q736065,Wetman,2006-01-05T10:01:38Z,3624721
Q736074,SnoTraveller,2007-09-21T14:45:44Z,13372518
Q736127,AleCapHollywood,2018-10-22T17:17:15Z,58850231
Q736198,BigEars42,2012-02-04T17:38:26Z,34601926
Q736248,Xavier Martín,2008-01-19T12:50:30Z,15309264
Q736277,Stone,2008-09-13T19:33:14Z,19304992
Q736301,Grinder1389,2011-03-07T22:51:05Z,31115354
Q736379,Tom harrison,2009-01-01T21:09:40Z,20917115
Q736391,Bujuga,2009-07-01T11:17:56Z,23454048
Q736421,Dr jkl,2003-07-24T15:59:21Z,276440
Q736476,Ser Amantio di Nicolao,2008-11-23T08:32:16Z,20354771
Q736571,Louis P. Boog,2007-11-29T23:46:03Z,14489718
Q736598,Eric.dane~enwiki,2005-05-02T11:20:31Z,1829611
Q736654,Dylanwhs,2004-02-20T18:25:54Z,478510
Q736706,LordAmeth,2004-12-24T20:07:35Z,1323580
Q736815,Uconnhoopz123,2007-04-14T23:51:52Z,10671097
Q736847,Antidote,2006-08-25T12:50:40Z,6682870
Q736853,Curps,2004-06-28T05:20:03Z,760258
Q736862,Smombartz,2006-03-26T18:24:20Z,4524294
Q736915,Matthew hk,2006-06-12T09:52:22Z,5529520
Q736948,LordAmeth,2005-07-04T00:38:35Z,2164643
Q736951,Tallyho70,2006-07-17T12:05:47Z,5999228
Q737022,PeterSymonds,2009-11-02T00:21:50Z,24927436
Q737045,Lisiate,2003-01-21T03:06:19Z,172022
Q737110,Hectorthebat,2008-11-13T20:03:26Z,20198720
Q737159,Inge-Lyubov,2006-02-05T04:29:19Z,3964139
Q737179,KNewman,2006-06-15T08:57:43Z,5570785
Q737204,Ser Amantio di Nicolao,2008-11-30T21:43:31Z,20488253
Q737242,EileenSanda,2013-10-20T15:51:46Z,40844352
Q737253,OldakQuill,2004-12-13T02:09:25Z,1271226
Q737288,Hectorthebat,2008-11-13T22:54:07Z,20200986
Q737322,81.183.151.245,2005-06-04T10:04:14Z,1988233
Q737357,Aleksandr Grigoryev,2010-12-15T05:44:56Z,30056734
Q737414,Eldar Featel,2006-08-12T23:45:04Z,6421852
Q737472,AkaDada,2006-04-07T10:52:30Z,4659716
Q737486,ExRat,2007-05-11T01:23:24Z,11164210
Q737493,Academic Challenger,2004-01-02T06:18:54Z,418215
Q737505,GiantSnowman,2008-06-23T22:55:55Z,18099583
Q737519,SlimVirgin,2005-08-01T04:13:36Z,17742997
Q737527,BrendoAraújo,2012-02-20T04:29:55Z,34809722
Q737531,Dangyebbie,2006-01-28T03:05:29Z,3870670
Q737586,Antidote,2006-01-24T02:33:58Z,3825810
Q737626,80.137.117.195,2003-11-19T19:55:49Z,372544
Q737676,Bhumiya,2006-07-07T07:45:55Z,5865180
Q737687,Ipeirotis,2006-12-18T04:11:14Z,8492473
Q737690,Geregen2,2010-02-23T16:10:22Z,26310517
Q737768,Moink,2004-02-26T20:08:21Z,490286
Q737780,Bine Mai,2009-08-03T21:19:57Z,23852341
Q737808,Attilios,2007-07-13T09:58:27Z,12232936
Q737819,Jamie7687,2005-07-21T17:33:41Z,2280909
Q737852,Artaxiad,2006-12-24T20:48:56Z,8596402
Q737932,Reo kwon,2022-02-21T04:28:19Z,70127461
Q737960,Spigot,2006-09-02T14:47:43Z,6811421
Q737968,130.39.222.122,2004-11-12T18:37:04Z,1162266
Q738065,Flagellum Dei,2008-10-28T14:41:39Z,19972827
Q738225,Ramashray,2004-12-15T09:11:22Z,5272276
Q738238,Riffle,2006-11-10T21:05:02Z,7876680
Q738281,Severo,2007-08-24T16:02:14Z,12930556
Q738291,Hemanshu,2005-08-11T05:43:10Z,2427173
Q738312,Moondyne,2005-10-20T12:19:42Z,2952746
Q738326,Anthonyhcole,2014-09-09T11:30:45Z,43779684
Q738334,Alex Bakharev,2006-09-08T14:45:47Z,6899510
Q738355,OldakQuill,2004-07-04T18:58:07Z,780230
Q738358,BL~enwiki,2004-02-11T13:17:23Z,464833
Q738376,Sirasu,2007-01-26T16:40:51Z,9127177
Q738410,YUL89YYZ,2005-04-12T18:43:16Z,1729189
Q738430,Geschichte,2006-12-23T12:54:51Z,8576907
Q738512,Mark272,2006-03-09T21:29:44Z,4335026
Q738532,141.156.183.193,2005-01-19T22:20:34Z,1411831
Q738576,69.224.119.66,2005-10-21T05:43:47Z,2959817
Q738610,Geschichte,2006-05-13T06:54:16Z,5125853
Q738617,Alex Bakharev,2005-06-25T11:36:43Z,30863493
Q738649,Zereshk,2005-02-07T02:38:01Z,1475308
Q738697,Ka5hmir,2007-04-09T05:00:45Z,10548055
Q738715,Zdravko mk,2006-02-24T14:04:03Z,4182581
Q738752,138.89.151.113,2005-04-21T16:30:54Z,1775534
Q738812,Merovingian,2004-04-11T11:07:35Z,37222791
Q738871,Aboujhal,2012-08-24T18:22:21Z,36817997
Q739020,Mulad,2004-05-25T17:30:51Z,679723
Q739034,Polbot,2007-06-04T00:56:29Z,11579836
Q739157,Karaskakai,2006-03-18T09:19:20Z,4431292
Q739177,Janothird,2005-10-28T20:48:53Z,3022367
Q739180,Lange.lea,2015-10-03T20:56:55Z,48035043
Q739239,Jane023,2009-11-01T22:59:50Z,24926553
Q739275,Prisonblues,2004-03-17T16:40:54Z,532926
Q739286,A. Kupicki,2011-10-04T16:19:08Z,33303658
Q739315,KNewman,2004-09-07T15:07:10Z,966006
Q739327,Mt99lp,2010-07-28T20:09:27Z,28184332
Q739332,TOO,2005-01-22T21:54:01Z,1421205
Q739339,Plindenbaum,2008-05-20T07:19:18Z,17519991
Q739361,Oceanh,2008-06-13T12:38:53Z,17921835
Q739362,84user,2010-11-07T14:48:18Z,29510586
Q739424,Cantara,2006-03-02T01:40:04Z,4244973
Q739476,Emijrp,2012-04-26T20:42:44Z,35629136
Q739482,Adam Bishop,2004-11-04T23:18:05Z,1133179
Q739496,In ictu oculi,2011-12-27T15:38:46Z,34198087
Q739561,Surtsicna,2012-05-29T13:07:11Z,35971419
Q739567,Doma-w,2012-05-15T18:12:10Z,35831171